org,older,newer,articles_older,articles_newer,identical_articles,identical_article_ratio,char_similarity
한국광해광업공단,인사규정(2025년도 6월 일부개정).hwp,인사규정(2026년 4월27일 일부개정).hwp,65,65,63,0.969,0.995
한국광해광업공단,인사규정(2026년 4월27일 일부개정).hwp,인사규정(2026년도 8월 27일 개정).hwp,65,67,63,0.94,0.995
한국석유공사,인사규정(2021년도 3월 개정).hwp,인사규정(2022년도 3월 개정).hwp,136,137,128,0.934,0.992
한국토지주택공사,인사규정(2024년도 6월 개정).hwp,인사규정(2025년도 08월 29일 개정).hwp,67,69,62,0.899,0.983
한국토지주택공사,인사규정(2025년도 08월 29일 개정).hwp,인사규정(2026년도 07월 24일 개정).hwp,69,71,63,0.887,0.986
해양환경공단,인사규정(2024년 10월 31일 개정).hwp,인사규정(2025년 12월 17일 개정).hwp,71,77,1,0.013,0.872
해양환경공단,인사규정(2025년 12월 17일 개정).hwp,인사규정(2026년도 6월 25일 개정).hwp,77,77,72,0.935,0.996
강원랜드,인사규정(2022년도 9월 개정).hwp,인사규정(2023년도 5월 개정).hwp,63,64,40,0.625,0.983
강원랜드,인사규정(2023년도 5월 개정).hwp,인사규정(2023년도 12월 개정).hwp,64,65,25,0.385,0.947
한국공항공사,인사규정(2024년도 7월 개정).hwp,인사규정(2024년도 12월 개정).hwp,93,96,87,0.906,0.984
한국공항공사,인사규정(2024년도 12월 개정).hwp,인사규정(2026년도 06월 29일 개정).hwp,96,98,83,0.847,0.976
제주국제자유도시개발센터,인사규정(2024년도 3월 개정).hwp,인사규정(2026년도 1월 22일 개정).hwp,89,92,81,0.88,0.975
제주국제자유도시개발센터,인사규정(2026년도 1월 22일 개정).hwp,인사규정(2026년도 4월 23일 개정).hwp,92,95,86,0.905,0.987
한국철도공사,인사규정(2024년 12월 개정).hwp,인사규정(2025년도 5월 30일 개정).hwp,61,61,57,0.934,0.997
한국철도공사,인사규정(2025년도 5월 30일 개정).hwp,인사규정(2025년도 7월 31일 개정).hwp,61,62,58,0.935,0.993
주택도시보증공사,인사규정(2023년도 12월 22일 개정).hwp,인사규정(2024년도 11월 22일 개정).hwp,83,83,73,0.88,0.99
주택도시보증공사,인사규정(2024년도 11월 22일 개정).hwp,인사규정(2025년도 11월 21일 개정).hwp,83,83,82,0.988,0.999
인천국제공항공사,인사규정(22년 10월 개정).hwp,인사규정(2023년 1월 개정).hwpx,72,72,52,0.722,0.966
인천국제공항공사,인사규정(2023년 1월 개정).hwpx,인사규정(2025년도 6월 개정).hwp,72,76,65,0.855,0.974
한국가스기술공사,인사규정(2024년 8월 개정).hwp,인사규정(2025년 4월 개정).hwp,61,63,53,0.841,0.981
한국도로공사,인사규정(2024년도 12월 개정).hwp,인사규정(2025년도 1월 개정).hwp,52,52,49,0.942,0.996
