번호,직군,주제,질문,스타일
1,입사 1~2년차 신입,수습과 채용,수습 중에 실수하면 바로 잘려요?,일상어
2,입사 1~2년차 신입,휴직과 복직,들어온 지 반년인데 쉬어도 돼요?,일상어
3,입사 1~2년차 신입,승진과 승진 제한,첫 승진까지 몇 년 있어야 해요?,일상어
4,입사 1~2년차 신입,징계와 시효,지각 한 번으로 징계받기도 해요?,일상어
5,입사 1~2년차 신입,전보와 인사이동,집에서 너무 먼데 근무지 바꿀 수 있나요?,일상어
6,입사 1~2년차 신입,겸직과 부업,주말에 카페 알바 해도 돼요?,일상어
7,입사 1~2년차 신입,평가,입사한 첫해에도 평가받는 거죠?,일상어
8,입사 1~2년차 신입,수습과 채용,수습끝나면 따로 연락오나요?,오타
9,입사 1~2년차 신입,퇴직과 면직,퇴사말햇는데 취소 가능해요?,오타
10,입사 1~2년차 신입,인사위원회,인사위 불려가면 무조건 혼나는건가요?,오타
11,입사 1~2년차 신입,기타 인사 일반,졸업증명서 또 내라는데 왜죠ㅠ,오타
12,입사 1~2년차 신입,수습과 채용,임용 결격사유는 어느 시점을 기준으로 판단하나요?,전문용어
13,입사 1~2년차 신입,승진과 승진 제한,수습기간도 승진소요최저연수에 산입되나요?,전문용어
14,입사 1~2년차 신입,징계와 시효,경고와 견책은 인사기록상 어떻게 구분되나요?,전문용어
15,입사 1~2년차 신입,휴직과 복직,허리를 다쳐 오래 치료받아야 해요. 아직 신입인데 휴직 신청해도 되나요?,상황설명
16,입사 1~2년차 신입,전보와 인사이동,지원한 업무랑 실제 하는 일이 달라요. 수습 중에도 다른 부서로 옮겨 달라고 할 수 있나요?,상황설명
17,입사 1~2년차 신입,수습과 채용,수습 때는 월급을 적게 받나요?,보수복지
18,입사 1~2년차 신입,기타 인사 일반,입사 첫 달에도 연차 쓸 수 있어요?,보수복지
19,입사 1~2년차 신입,전보와 인사이동,다른 지역으로 발령 나면 이사비 줘요?,보수복지
20,입사 1~2년차 신입,기타 인사 일반,탕비실 커피머신 원두 누가 채워요?,무관
21,입사 1~2년차 신입,정년과 명예퇴직,정년은 입사 나이랑 상관없이 같아요?,일상어
22,입사 1~2년차 신입,퇴직과 면직,그만두려면 누구한테 먼저 말해요?,일상어
23,입사 1~2년차 신입,인사위원회,인사위원회에서는 무슨 일을 해요?,일상어
24,입사 1~2년차 신입,평가,평가 결과를 제가 직접 볼 수 있나요?,일상어
25,입사 1~2년차 신입,겸직과 부업,돈 안 받는 외부 활동도 허락받아요?,일상어
26,입사 1~2년차 신입,기타 인사 일반,개명했는데 인사팀에 뭘 내야 해요?,일상어
27,입사 1~2년차 신입,수습과 채용,수습 끝나는 날짜가 미뤄질 수도 있나요?,일상어
28,입사 1~2년차 신입,평가,평가면담때 뭐 준비해가요?,오타
29,입사 5~8년차 대리급,승진과 승진 제한,이번에도 승진누락인데 이유 알수있나요?,오타
30,입사 5~8년차 대리급,전보와 인사이동,한부서 6년짼데 이동신청 어케해요?,오타
31,입사 5~8년차 대리급,겸직과 부업,블로그 광고수익도 신고해야됨?,오타
32,입사 5~8년차 대리급,휴직과 복직,자기개발휴직의 신청 자격과 상한 기간은?,전문용어
33,입사 5~8년차 대리급,징계와 시효,징계시효의 기산점은 언제인가요?,전문용어
34,입사 5~8년차 대리급,승진과 승진 제한,승진후보자명부의 유효기간은 얼마인가요?,전문용어
35,입사 5~8년차 대리급,평가,올해 중간에 팀장이 바뀌었어요. 제 평가는 이전 팀장이 하나요 새 팀장이 하나요?,상황설명
36,입사 5~8년차 대리급,휴직과 복직,대학원에 붙었는데 수업이 평일이에요. 학업 때문에 일 년 쉬는 것도 가능한가요?,상황설명
37,입사 5~8년차 대리급,평가,평가 낮으면 성과급을 아예 못 받나요?,보수복지
38,입사 5~8년차 대리급,휴직과 복직,휴직하면 남은 연차는 없어져요?,보수복지
39,입사 5~8년차 대리급,전보와 인사이동,파견 가는 교통비는 출장비로 받아요?,보수복지
40,입사 5~8년차 대리급,기타 인사 일반,점심 메뉴 못 고르겠는데 골라줘요,무관
41,입사 5~8년차 대리급,승진과 승진 제한,자격증 따면 승진할 때 유리해요?,일상어
42,입사 5~8년차 대리급,징계와 시효,예전에 받은 징계 기록은 언제 지워져요?,일상어
43,입사 5~8년차 대리급,겸직과 부업,책 내고 인세 받는 것도 허락받나요?,일상어
44,입사 5~8년차 대리급,퇴직과 면직,퇴사 날짜는 제가 정할 수 있어요?,일상어
45,입사 5~8년차 대리급,인사위원회,제 승진 심사에 누가 들어가는지 알 수 있나요?,일상어
46,입사 5~8년차 대리급,정년과 명예퇴직,오래 다니면 명예퇴직 신청할 수 있나요?,일상어
47,입사 5~8년차 대리급,수습과 채용,다른 직무에 다시 지원하면 경력 인정돼요?,일상어
48,입사 5~8년차 대리급,휴직과 복직,쉬다오면 원래자리로 복귀되는거죠?,오타
49,입사 5~8년차 대리급,승진과 승진 제한,휴직한거 땜에 승진 밀릴수도잇나요?,오타
50,입사 5~8년차 대리급,전보와 인사이동,전보희망 안냈는데 발령날수있음?,오타
51,입사 5~8년차 대리급,기타 인사 일반,사내공모 지원하면 팀장한테 알림감?,오타
52,입사 5~8년차 대리급,징계와 시효,징계의결 요구 중에도 의원면직이 가능한가요?,전문용어
53,입사 5~8년차 대리급,평가,근무성적평정 이의신청 기한은 언제까지인가요?,전문용어
54,입사 5~8년차 대리급,겸직과 부업,겸직허가 갱신 시 재심사가 필요한가요?,전문용어
55,입사 5~8년차 대리급,전보와 인사이동,배우자가 다른 지역에서 일하게 됐어요. 같이 살 수 있게 근무지 변경을 요청하고 싶어요.,상황설명
56,입사 5~8년차 대리급,퇴직과 면직,다음 직장 출근일이 잡혔어요. 후임이 올 때까지 퇴사를 못 하게 할 수도 있나요?,상황설명
57,입사 5~8년차 대리급,정년과 명예퇴직,명예퇴직하면 퇴직금 말고 더 받는 게 있나요?,보수복지
58,팀원을 관리하는 팀장,평가,팀원별 성과급 금액을 제가 볼 수 있나요?,보수복지
59,팀원을 관리하는 팀장,기타 인사 일반,팀원 경조사 지원은 누가 신청하나요?,보수복지
60,팀원을 관리하는 팀장,기타 인사 일반,회의실 예약 누가 겹쳐 놨는지 찾아줘요,무관
61,팀원을 관리하는 팀장,휴직과 복직,팀원이 갑자기 쉬겠다는데 제가 막을 수 있나요?,일상어
62,팀원을 관리하는 팀장,평가,팀원 평가 점수를 본인에게 설명해야 하나요?,일상어
63,팀원을 관리하는 팀장,징계와 시효,팀원 잘못을 보고 안 하면 저도 징계받아요?,일상어
64,팀원을 관리하는 팀장,전보와 인사이동,다른 팀으로 보낼 직원을 제가 정해도 되나요?,일상어
65,팀원을 관리하는 팀장,승진과 승진 제한,승진 추천 인원은 팀마다 정해져 있나요?,일상어
66,팀원을 관리하는 팀장,수습과 채용,신입 수습 평가를 팀장이 혼자 정하나요?,일상어
67,팀원을 관리하는 팀장,겸직과 부업,팀원 외부 강의는 제 허락만 받으면 되나요?,일상어
68,팀원을 관리하는 팀장,퇴직과 면직,팀원이 연락두절인데 퇴사처리 되나요?,오타
69,팀원을 관리하는 팀장,인사위원회,인사위 자료 오늘까지 내야되나요?,오타
70,팀원을 관리하는 팀장,평가,온지 한달된 팀원도 제가 평가함?,오타
71,팀원을 관리하는 팀장,휴직과 복직,복직일 지낫는데 안나오면 어케해요?,오타
72,팀원을 관리하는 팀장,징계와 시효,징계의결 요구권자는 누구인가요?,전문용어
73,팀원을 관리하는 팀장,인사위원회,직속 부하 심의 시 위원 제척 대상인가요?,전문용어
74,팀원을 관리하는 팀장,수습과 채용,수습평가 부적격 판정에 필요한 절차는?,전문용어
75,팀원을 관리하는 팀장,평가,업무 실적은 좋은데 동료들과 자주 다투는 팀원이 있어요. 이런 부분도 평가에 반영할 수 있나요?,상황설명
76,팀원을 관리하는 팀장,전보와 인사이동,핵심 업무 담당자 둘이 동시에 발령 났어요. 인수인계 때문에 한 명의 이동을 늦출 수 있나요?,상황설명
77,팀원을 관리하는 팀장,휴직과 복직,휴직 대체 업무 맡은 팀원에게 수당 나오나요?,보수복지
78,팀원을 관리하는 팀장,정년과 명예퇴직,정년 앞둔 팀원은 임금이 언제부터 줄어요?,보수복지
79,팀원을 관리하는 팀장,기타 인사 일반,팀 회식비는 인원당 얼마까지 쓸 수 있어요?,보수복지
80,팀원을 관리하는 팀장,기타 인사 일반,팀 단체사진에서 눈 감은 사람 고쳐줘요,무관
81,팀원을 관리하는 팀장,정년과 명예퇴직,정년 예정자 업무는 언제부터 넘겨야 해요?,일상어
82,팀원을 관리하는 팀장,승진과 승진 제한,승진 추천을 본인이 거절할 수도 있나요?,일상어
83,팀원을 관리하는 팀장,인사위원회,팀원 대신 위원회에 가서 설명해도 되나요?,일상어
84,팀원을 관리하는 팀장,퇴직과 면직,사직서를 받으면 바로 인사팀에 보내나요?,일상어
85,팀원을 관리하는 팀장,기타 인사 일반,팀원에게 업무 경고를 문자로 해도 되나요?,일상어
86,팀원을 관리하는 팀장,겸직과 부업,팀원이 부업을 숨긴 것 같으면 어디에 알려요?,일상어
87,임원·고위직,수습과 채용,임원도 처음 오면 수습기간이 있나요?,일상어
88,임원·고위직,정년과 명예퇴직,임기중 정년되면 바로 나가나요?,오타
89,임원·고위직,겸직과 부업,비상근 자리 하나 더 맡아도됨?,오타
90,임원·고위직,휴직과 복직,임원도 건강땜에 휴직되나요?,오타
91,임원·고위직,전보와 인사이동,보직 바뀌면 임기도 리셋되나요?,오타
92,임원·고위직,인사위원회,인사위원회 의결과 임용권자의 권한 범위는?,전문용어
93,임원·고위직,징계와 시효,임원 징계에도 직원 징계시효가 적용되나요?,전문용어
94,임원·고위직,퇴직과 면직,임기 만료와 해임의 처리 절차 차이는?,전문용어
95,임원·고위직,평가,임기 시작 전에 정해진 목표가 현실과 맞지 않아요. 중간에 평가 목표를 조정할 수 있나요?,상황설명
96,임원·고위직,겸직과 부업,외부 재단에서 이사를 맡아 달라고 합니다. 보수를 받지 않아도 사전 승인이 필요한가요?,상황설명
97,임원·고위직,퇴직과 면직,임기를 다 못 채우면 퇴직금도 달라지나요?,보수복지
98,임원·고위직,평가,임원 성과급은 퇴임 후에도 지급되나요?,보수복지
99,임원·고위직,기타 인사 일반,임원 건강검진은 가족도 지원되나요?,보수복지
100,임원·고위직,기타 인사 일반,내일 행사 축사 첫 문장만 써줘요,무관
101,임원·고위직,승진과 승진 제한,특별히 잘한 직원을 빨리 승진시킬 수 있나요?,일상어
102,임원·고위직,전보와 인사이동,긴급한 자리 이동은 먼저 지시해도 되나요?,일상어
103,임원·고위직,인사위원회,위원회 결론에 동의 못 하면 다시 열 수 있나요?,일상어
104,임원·고위직,정년과 명예퇴직,임원으로 바뀌면 직원 때 정년은 적용 안 돼요?,일상어
105,임원·고위직,수습과 채용,추천받은 사람도 공개 채용을 거쳐야 하나요?,일상어
106,임원·고위직,휴직과 복직,제가 자리를 오래 비우면 누가 대신 결재하나요?,일상어
107,임원·고위직,징계와 시효,퇴임한 뒤에도 재직 중 일로 징계받나요?,일상어
108,임원·고위직,퇴직과 면직,사의표명만 해도 사직처리 되나요?,오타
109,임원·고위직,승진과 승진 제한,승진인원 늘리려면 어디승인 받아요?,오타
110,임원·고위직,평가,연임심사에 직원설문도 들어감?,오타
111,임원·고위직,기타 인사 일반,직무대행 순서 어디서봄?,오타
112,임원·고위직,인사위원회,서면의결이 허용되는 심의 안건의 범위는?,전문용어
113,임원·고위직,승진과 승진 제한,승진임용 권한을 위임할 수 있나요?,전문용어
114,임원·고위직,겸직과 부업,상근임원의 영리업무 제한 범위는?,전문용어
115,인사 업무를 막 맡게 된 담당자,징계와 시효,같은 사안으로 수사가 진행 중이에요. 징계 절차도 함께 진행해야 하는지 모르겠어요.,상황설명
116,인사 업무를 막 맡게 된 담당자,수습과 채용,최종 합격자가 출근 전날 입사를 포기했어요. 다음 순위 지원자를 바로 뽑아도 되나요?,상황설명
117,인사 업무를 막 맡게 된 담당자,휴직과 복직,월 중간 복직자 월급은 어떻게 계산하나요?,보수복지
118,인사 업무를 막 맡게 된 담당자,징계와 시효,정직 중에도 명절 상여금은 나가나요?,보수복지
119,인사 업무를 막 맡게 된 담당자,퇴직과 면직,퇴직자 미사용 연차는 모두 돈으로 정산하나요?,보수복지
120,인사 업무를 막 맡게 된 담당자,기타 인사 일반,엑셀 저장 안 하고 닫았는데 복구돼요?,무관
121,인사 업무를 막 맡게 된 담당자,휴직과 복직,휴직 끝나기 전에 안내를 꼭 보내야 하나요?,일상어
122,인사 업무를 막 맡게 된 담당자,승진과 승진 제한,승진 심사 명단은 언제 확정하나요?,일상어
123,인사 업무를 막 맡게 된 담당자,전보와 인사이동,발령일을 지난 날짜로 잡아도 되나요?,일상어
124,인사 업무를 막 맡게 된 담당자,정년과 명예퇴직,생일이 지나면 바로 정년퇴직 처리하나요?,일상어
125,인사 업무를 막 맡게 된 담당자,겸직과 부업,부업 허락받은 직원 목록을 따로 관리하나요?,일상어
126,인사 업무를 막 맡게 된 담당자,퇴직과 면직,사직서 없이 퇴직 처리할 수 있는 경우도 있나요?,일상어
127,인사 업무를 막 맡게 된 담당자,기타 인사 일반,인사기록은 퇴직 후 몇 년 보관해요?,일상어
128,인사 업무를 막 맡게 된 담당자,인사위원회,인사위 회의록 서명 다받아야됨?,오타
129,인사 업무를 막 맡게 된 담당자,평가,평가표 제출안한 부서는 어케처리해요?,오타
130,인사 업무를 막 맡게 된 담당자,수습과 채용,채용서류에 날짜 틀렷는데 탈락인가요?,오타
131,인사 업무를 막 맡게 된 담당자,휴직과 복직,휴직연장 신청 늦게왓는데 받아도돼요?,오타
132,인사 업무를 막 맡게 된 담당자,징계와 시효,징계시효 정지 사유와 재개 시점은?,전문용어
133,인사 업무를 막 맡게 된 담당자,인사위원회,의사정족수와 의결정족수 산정 기준은?,전문용어
134,인사 업무를 막 맡게 된 담당자,정년과 명예퇴직,명예퇴직 신청의 제외 대상은 어떻게 정하나요?,전문용어
135,인사 업무를 막 맡게 된 담당자,승진과 승진 제한,승진 심사 후 발령 전에 징계가 확정됐어요. 이미 정한 승진을 그대로 진행해도 되나요?,상황설명
136,인사 업무를 막 맡게 된 담당자,전보와 인사이동,발령 대상자가 병원에 입원해 통지를 못 받았어요. 발령일을 바꿔야 하나요?,상황설명
137,인사 업무를 막 맡게 된 담당자,수습과 채용,경력 인정 연수가 바뀌면 급여도 소급하나요?,보수복지
138,인사 업무를 막 맡게 된 담당자,전보와 인사이동,근무지가 바뀐 달의 숙소비는 어디서 지급해요?,보수복지
139,인사 업무를 막 맡게 된 담당자,정년과 명예퇴직,명예퇴직수당 계산에 휴직기간도 들어가나요?,보수복지
140,인사 업무를 막 맡게 된 담당자,기타 인사 일반,프린터 종이 걸렸는데 어디부터 열어요?,무관
141,인사 업무를 막 맡게 된 담당자,평가,평가 점수 입력 실수는 누가 고칠 수 있나요?,일상어
142,인사 업무를 막 맡게 된 담당자,인사위원회,회의 내용을 당사자에게 어디까지 알려줘요?,일상어
143,인사 업무를 막 맡게 된 담당자,퇴직과 면직,사망한 직원의 퇴직일은 언제로 잡나요?,일상어
144,교사·교직원 출신으로 공공기관에 이직한 직원,수습과 채용,학교에서 일한 경력도 여기서 인정돼요?,일상어
145,교사·교직원 출신으로 공공기관에 이직한 직원,휴직과 복직,학교에서 쓴 휴직까지 합쳐서 계산하나요?,일상어
146,교사·교직원 출신으로 공공기관에 이직한 직원,승진과 승진 제한,교사 경력으로 승진을 빨리 할 수 있나요?,일상어
147,교사·교직원 출신으로 공공기관에 이직한 직원,전보와 인사이동,학교처럼 몇 년마다 근무지를 옮기나요?,일상어
148,교사·교직원 출신으로 공공기관에 이직한 직원,수습과 채용,경력직인데 수습 또해야되나요?,오타
149,교사·교직원 출신으로 공공기관에 이직한 직원,겸직과 부업,방과후수업 가끔 나가도 되나여?,오타
150,교사·교직원 출신으로 공공기관에 이직한 직원,평가,교원평가랑 비슷한거 여기에도 잇나요?,오타
151,교사·교직원 출신으로 공공기관에 이직한 직원,기타 인사 일반,학교경력 증명은 교육청꺼 내면됨?,오타
152,교사·교직원 출신으로 공공기관에 이직한 직원,정년과 명예퇴직,교원 재직기간이 명예퇴직 근속요건에 산입되나요?,전문용어
153,교사·교직원 출신으로 공공기관에 이직한 직원,징계와 시효,전 직장 징계처분이 현 직장 승진을 제한하나요?,전문용어
154,교사·교직원 출신으로 공공기관에 이직한 직원,수습과 채용,기간제교원 경력의 환산 기준은 무엇인가요?,전문용어
155,교사·교직원 출신으로 공공기관에 이직한 직원,겸직과 부업,전에 맡던 학생 동아리에서 계속 지도해 달래요. 퇴근 후 무료로 돕는 것도 신고해야 하나요?,상황설명
156,교사·교직원 출신으로 공공기관에 이직한 직원,휴직과 복직,학교를 나올 때는 연수 때문에 쉬는 제도가 있었어요. 여기서도 해외 연수를 위해 휴직할 수 있나요?,상황설명
157,교사·교직원 출신으로 공공기관에 이직한 직원,기타 인사 일반,학교에서 받던 가족수당은 다시 신청하나요?,보수복지
158,교사·교직원 출신으로 공공기관에 이직한 직원,퇴직과 면직,교사 때 낸 연금과 지금 연금을 연결할 수 있나요?,보수복지
159,교사·교직원 출신으로 공공기관에 이직한 직원,수습과 채용,학교 경력을 인정받으면 시작 월급도 올라요?,보수복지
160,교사·교직원 출신으로 공공기관에 이직한 직원,기타 인사 일반,옛 제자 결혼식 축의금 얼마가 적당해요?,무관
161,교사·교직원 출신으로 공공기관에 이직한 직원,정년과 명예퇴직,교사 때랑 정년 나이가 다른가요?,일상어
162,교사·교직원 출신으로 공공기관에 이직한 직원,인사위원회,교원 소청처럼 인사 결정에 따지는 절차가 있나요?,일상어
163,교사·교직원 출신으로 공공기관에 이직한 직원,퇴직과 면직,교직으로 돌아가려고 그만두면 따로 낼 게 있나요?,일상어
164,교사·교직원 출신으로 공공기관에 이직한 직원,평가,교육 업무를 맡으면 수업 경력도 평가에 넣나요?,일상어
165,교사·교직원 출신으로 공공기관에 이직한 직원,징계와 시효,학교에서 있었던 일로 여기서도 징계받나요?,일상어
166,교사·교직원 출신으로 공공기관에 이직한 직원,전보와 인사이동,교육 담당으로 왔는데 다른 일을 맡길 수 있나요?,일상어
167,교사·교직원 출신으로 공공기관에 이직한 직원,승진과 승진 제한,교감 경력이 있어도 직급은 처음부터 시작해요?,일상어
168,교사·교직원 출신으로 공공기관에 이직한 직원,인사위원회,인사위에 노조사람도 들어가나여?,오타
169,교사·교직원 출신으로 공공기관에 이직한 직원,정년과 명예퇴직,학교서 명퇴햇어도 여기 명퇴 또되나요?,오타
170,교사·교직원 출신으로 공공기관에 이직한 직원,기타 인사 일반,교사자격증 인사기록에 올려야됨?,오타
171,교사·교직원 출신으로 공공기관에 이직한 직원,겸직과 부업,교재 감수료 받앗는데 사후신고 되나요?,오타
172,임신·육아·가족 간병 중인 직원,휴직과 복직,육아휴직 분할 사용의 허용 횟수는?,전문용어
173,임신·육아·가족 간병 중인 직원,승진과 승진 제한,가족돌봄휴직 기간은 승진소요연수에서 제외되나요?,전문용어
174,임신·육아·가족 간병 중인 직원,전보와 인사이동,임신 중 전보 유예 신청 요건은 무엇인가요?,전문용어
175,임신·육아·가족 간병 중인 직원,휴직과 복직,아버지 수술 날짜가 갑자기 잡혔어요. 이번 주부터 간병하려면 휴직을 바로 시작할 수 있나요?,상황설명
176,임신·육아·가족 간병 중인 직원,수습과 채용,수습 중인데 임신한 걸 알았어요. 출산 때문에 자리를 비우면 수습 종료가 늦어지나요?,상황설명
177,임신·육아·가족 간병 중인 직원,휴직과 복직,육아휴직 동안 월급은 얼마나 나와요?,보수복지
178,임신·육아·가족 간병 중인 직원,기타 인사 일반,아이 입학식에 쓸 수 있는 휴가가 있나요?,보수복지
179,임신·육아·가족 간병 중인 직원,평가,출산휴가 기간 때문에 성과급이 줄어드나요?,보수복지
180,임신·육아·가족 간병 중인 직원,기타 인사 일반,아기 이름 후보 세 개만 골라줘요,무관
181,임신·육아·가족 간병 중인 직원,휴직과 복직,육아휴직 끝나기 전에 먼저 돌아가도 돼요?,일상어
182,임신·육아·가족 간병 중인 직원,승진과 승진 제한,육아휴직 중에도 승진 심사를 받을 수 있나요?,일상어
183,임신·육아·가족 간병 중인 직원,징계와 시효,아이 응급실 가느라 연락 못 했는데 징계받아요?,일상어
184,임신·육아·가족 간병 중인 직원,전보와 인사이동,복직할 때 야근 적은 부서로 신청하고 싶어요,일상어
185,임신·육아·가족 간병 중인 직원,겸직과 부업,육아휴직 중 온라인 판매를 시작해도 되나요?,일상어
186,임신·육아·가족 간병 중인 직원,퇴직과 면직,간병 때문에 휴직 중인데 그대로 퇴사해도 돼요?,일상어
187,임신·육아·가족 간병 중인 직원,인사위원회,출산 직후라 위원회 출석이 힘든데 어떡하죠?,일상어
188,임신·육아·가족 간병 중인 직원,휴직과 복직,둘째생기면 휴직 연달아 써도되요?,오타
189,임신·육아·가족 간병 중인 직원,평가,육휴중 평가없으면 최하점 받는건가요ㅠ,오타
190,임신·육아·가족 간병 중인 직원,정년과 명예퇴직,간병휴직중 명퇴신청 가능해여?,오타
191,임신·육아·가족 간병 중인 직원,기타 인사 일반,임신알림은 팀장한테만 하면끝?,오타
192,임신·육아·가족 간병 중인 직원,휴직과 복직,가족돌봄휴직 대상 가족에 조부모가 포함되나요?,전문용어
193,임신·육아·가족 간병 중인 직원,징계와 시효,육아휴직 중에도 징계처분의 효력이 발생하나요?,전문용어
194,임신·육아·가족 간병 중인 직원,평가,육아기 단축근무자의 평정 기준은 별도로 있나요?,전문용어
195,임신·육아·가족 간병 중인 직원,전보와 인사이동,복직하기로 한 부서가 조직 개편으로 없어졌어요. 아이 등원 때문에 먼 곳은 어려운데 배치를 협의할 수 있나요?,상황설명
196,임신·육아·가족 간병 중인 직원,퇴직과 면직,간병 휴직을 더 쓸 수 없다고 들었어요. 아직 출근이 어려우면 바로 면직되는 건가요?,상황설명
197,임신·육아·가족 간병 중인 직원,기타 인사 일반,부부가 둘 다 재직하면 자녀 지원금도 각각 줘요?,보수복지
198,임신·육아·가족 간병 중인 직원,휴직과 복직,가족 간병으로 쉬는 동안 복지포인트 나와요?,보수복지
199,임신·육아·가족 간병 중인 직원,기타 인사 일반,배우자 출산휴가 때도 월급은 그대로죠?,보수복지
200,임신·육아·가족 간병 중인 직원,기타 인사 일반,유모차 접는 순서 좀 알려줘요,무관
